phrase,total_occurrences
work,496
team,446
experience,446
looking,333
position,316
job,307
skills,295
opportunity,257
working,255
company,234
required,226
high,225
years,217
help,208
environment,205
responsible,202
business,200
role,199
management,199
service,198
clients,196
excellent,191
based,188
new,185
include,183
make,182
strong,181
join,178
support,176
communication,176
growing,174
seeking,169
customer,168
people,167
ability,165
apply,163
office,161
training,161
provide,161
benefits,160
great,156
professional,156
process,150
build,149
candidates,145
quality,143
duties,142
responsibilities,141
right,141
organization,140
sales,137
preferred,137
self,134
services,134
fast,134
able,134
willing,133
culture,133
health,133
state,133
candidate,133
maintain,131
individuals,129
values,126
year,126
best,124
currently,123
manage,122
free,122
written,122
providing,121
local,120
knowledge,120
experienced,120
client,120
customers,119
members,118
insurance,118
ensure,118
hours,118
mission,115
level,115
day,115
marketing,115
person,114
travel,113
employees,113
needs,113
place,112
education,112
various,112
highly,112
software,111
monday,111
applicants,111
paid,110
operations,110
related,109
pay,109
assist,108
requirements,108
individual,108
manager,107
resume,104
industry,104
political,102
career,101
paced,101
managing,101
family,101
school,100
grow,99
information,99
motivated,99
schedule,99
learn,98
ideal,98
customer service,98
care,98
need,98
starting,97
meet,97
needed,97
program,97
positive,96
development,96
performance,96
states,96
fast paced,96
following,96
taking,95
life,95
relationships,95
leadership,94
tasks,94
minimum,93
dedicated,93
goals,93
applications,93
email,92
efforts,92
multiple,91
interested,91
opportunities,90
systems,90
medical,89
good,89
non,88
qualifications,88
leading,88
serve,88
america,88
project,87
success,87
limited,87
freedom,87
organized,86
successful,86
passion,85
degree,85
data,85
directly,85
community,84
products,84
additional,84
join team,84
driven,84
types,83
building,82
maintaining,82
plus,82
salary,82
hard,82
equipment,81
staff,81
compensation,81
love,81
projects,81
oriented,80
fit,80
value,80
create,80
develop,79
federal,79
type,79
solutions,79
bonus,79
campaign,79
personal,78
use,78
small,78
growth,78
plan,77
jobs,77
director,76
offer,76
communication skills,75
country,75
helping,75
market,75
assigned,75
team members,74
media,74
vision,74
daily,72
check,72
using,72
license,72
wants,72
senior,72
computer,72
difference,72
science,71
processes,71
remote,71
firm,71
days,70
involved,70
financial,70
provides,70
location,70
product,70
home,70
description,70
long,70
ideal candidate,70
contract,69
conservative,69
standards,69
years experience,69
nation,69
largest,68
set,68
passionate,68
issues,68
tools,68
area,67
experience preferred,67
social,67
going,66
primary,66
potential,66
available,66
train,66
planning,65
dental,65
employee,65
lead,65
companies,65
high school,65
areas,65
christian,65
hiring,64
availability,64
hour,64
step,64
week,64
perform,64
necessary,64
start,64
department,64
principles,64
effectively,64
focus,63
believe,63
live,63
competitive,63
developing,63
making,63
job description,63
profit,62
timely,62
accurate,62
technical,62
events,62
understanding,62
closely,61
general,61
founded,61
vote,60
drive,60
phone,60
design,60
problem,60
attention,60
identify,60
technology,60
group,60
politics,60
goal,59
activities,59
share,59
work ethic,59
make difference,59
term,59
ethic,59
record,59
facility,59
fastest growing,59
recent,59
includes,59
production,59
fastest,59
organizational,58
key,58
election,58
order,58
reports,58
field,58
world,57
cycle,57
great opportunity,57
accepting,57
network,57
contact,57
state federal,57
work environment,57
proven,57
way,57
preferred required,57
today,56
writing,56
letter,56
job types,56
verbal,56
ahead,56
social media,56
door,56
written communication,56
cover,56
summary,56
offers,56
fun,56
lives,56
safe,55
housing,55
deployment,55
current,55
republican,55
assistant,55
base,55
desire,54
commercial,54
end,54
students,54
dynamic,54
located,53
flexible,53
effective,53
employment,53
requires,53
2024,53
applicants willing,52
achieve,52
problems,52
republican jobs,52
enjoy,52
identified,52
hr,52
accepting applications,52
exceptional,52
currently accepting,51
report,51
manner,51
point,51
travel experience,51
door door,51
works,51
cover letter,51
government,51
races,51
401k,51
open,51
package,50
attitude,50
follow,50
campaign deployments,50
educate,50
various local,50
monday fridayweekend,50
fridayweekend,50
work campaign,50
public,50
local state,50
procedures,50
jobs currently,50
deployments,50
applications individuals,50
interested apply,50
responsibility,50
types contract,50
door preferred,49
campaign deployment,49
required vote,49
know,49
races republican,49
2024 cycle,49
monthschedule monday,49
going door,49
campaign directly,49
involved political,49
required applicants,49
2024 election,49
monthschedule,49
administrative,49
door identified,49
science majors,49
campaign experience,49
include housing,49
housing travel,49
candidates ahead,49
election cycle,49
driver,49
identified targetted,49
usa,49
help various,49
recent political,49
independently,49
opportunity wants,49
help campaign,49
apply work,49
ahead 2024,49
employer,49
individuals help,49
efforts taking,49
results,49
willing door,49
great recent,49
directly flown,49
majors,49
targetted,49
federal races,49
place various,49
workplace,49
cycle campaign,49
majors step,49
political process,49
experience going,49
voters job,49
political science,49
targetted republican,49
politics 2024,49
flown,49
taking place,49
difference great,49
voters,49
vote efforts,49
ensuring,49
deployment great,49
deployments include,49
process make,49
states interested,49
step politics,49
background,49
understand,49
flown help,49
republican candidates,49
contract temporarysalary,49
fridayweekend availability,49
republican voters,49
creative,49
various states,49
temporarysalary,49
wants involved,49
temporarysalary monthschedule,49
reliable,48
compliance,48
overall,48
ready,48
basic,48
serving,48
documentation,48
member,48
friday,48
organize,48
presence,48
maintenance,48
reach,48
online,47
core,47
prioritize,47
google,47
variety,47
microsoft,47
locations,47
range,47
plans,47
submit,47
high quality,47
deadlines,47
washington,47
drug,46
integrity,46
meetings,46
setting,46
established,46
built,46
appropriate,46
digital,46
innovative,46
promote,46
solving,46
non profit,46
functions,45
creating,45
demonstrate,45
executive,45
existing,45
outside,45
application,45
direct,44
important,44
complete,44
annual,44
oral,44
content,44
hire,44
programs,44
communicate,44
long term,44
possible,43
weekly,43
families,43
control,43
accounting,43
disability,43
brand,43
operating,43
vital,43
essential,43
texas,43
foundation,43
depending,42
think,42
platforms,42
internal,42
positions,42
research,42
20,42
grassroots,42
times,42
starter,42
strategic,42
private,42
legal,41
reporting,41
excellence,41
college,41
american,41
focused,41
national,41
day day,41
excel,41
clean,41
markets,41
businesses,41
physical,41
big,41
holidays,41
strategy,41
commensurate,41
construction,40
future,40
provider,40
track,40
unique,40
resources,40
impact,40
active,40
organizations,39
monitor,39
youth,39
records,39
ve,39
website,39
teams,39
skills ability,39
comprehensive,39
completion,39
practice,39
safety,39
inventory,39
thrive,39
501,39
large,39
pro,38
assistance,38
entrepreneurial,38
change,38
representative,38
proficient,38
commission,38
site,38
place work,38
valid,38
bonuses,38
questions,38
monthly,38
better,38
require,38
assisting,37
aspects,37
comfortable,37
title,37
policies,37
sites,37
objectives,37
dental vision,37
law,37
youtube,37
wide,37
qualified,37
turning,37
hard working,36
line,36
party,36
lift,36
receive,36
oral written,36
work independently,36
campaigns,36
regulations,36
word,36
auto,36
driver license,36
committed,36
certification,36
management skills,36
profit organization,36
satisfaction,36
different,36
stand,36
talented,36
abilities,36
possess,36
write,36
environment team,36
regular,36
note,36
vacation,35
invest,35
account,35
investing,35
rewarding,35
relevant,35
notes,35
llc,35
patient,35
considered,35
come,35
levels,35
skill,35
responsibilities include,35
scheduling,35
commensurate experience,35
early,34
relations,34
litigation,34
present,34
solve,34
campuses,34
challenging,34
hands,34
learning,34
limited government,34
additional duties,34
practices,34
idaho,34
professionals,34
finance,34
play,34
date,34
approach,34
previous,34
web,34
ability work,34
multi,34
performing,33
problem solving,33
paced environment,33
continue,33
supervision,33
monday friday,33
task,33
model,33
stay,33
markets limited,33
advancement,33
free markets,33
point usa,33
proficiency,33
az,33
medical dental,33
ideas,33
send,33
review,33
15,33
provided,33
turning point,33
college campuses,33
leads,33
true,33
usa largest,32
bachelor,32
skilled,32
owned,32
educate train,32
house,32
coordinate,32
patients,32
work closely,32
short,32
americans,32
ongoing,32
recruiting,32
income,32
god,32
expertise,32
access,32
wages,32
defense,32
quick,32
quickly,32
manufacturing,32
initiatives,32
keeping,32
interpersonal,32
news,32
shop,32
identify educate,32
driving,32
handle,32
suite,32
partners,32
accounts,31
electrical,31
cost,31
analytical,31
delivery,31
deliver,31
engineering,31
school college,31
techniques,31
technician,31
requests,31
activist,31
bring,31
minimum years,31
represent,31
treatment,31
operate,31
job type,31
partner,31
ndash,31
increase,31
coordinating,31
christian values,31
presentations,31
healthcare,31
young,31
matters,31
nature,30
calls,30
video,30
high level,30
oversee,30
basis,30
look,30
average,30
critical,30
powerful,30
handling,30
expected,30
efficient,30
friendly,30
south,30
leaders,30
strive,30
regarding,30
drug free,30
implement,29
able work,29
particular,29
residential,29
shift,29
include limited,29
collaborative,29
confidentiality,29
supporting,29
player,29
documents,29
pride,29
decision,29
specifically,29
expand,29
carolina,29
agency,29
duties assigned,29
successful candidate,29
add,29
written verbal,29
engaging,29
counsel,29
corporate,29
addition,29
consistent,28
energy,28
special,28
doing,28
certified,28
18,28
external,28
significant,28
diverse,28
networking,28
entry,28
contractors,28
educational,28
timepay,28
team player,28
lot,28
respect,28
perfect,28
forward,28
advanced,28
execute,28
matching,28
changing,28
tech,28
duties responsibilities,28
experience education,28
industrial,28
conditions,28
civil,27
children,27
estate,27
serves,27
involvement,27
status,27
materials,27
clear,27
minimum qualifications,27
expanding,27
processing,27
emphasis,27
401,27
engagement,27
wow,27
communities,27
real,27
skills experience,27
bachelor degree,27
emails,27
organizing,27
contribute,27
looking experienced,27
listed,27
response,27
self motivated,27
history,27
territory,27
communications,27
earn,27
orders,27
tpusa,27
consulting,27
fulfill,27
actively,27
diploma,27
usa 501,27
sense,26
90,26
delivering,26
magazine,26
faith,26
extensive,26
overview,26
position requires,26
attorneys,26
heavy,26
25,26
rights,26
departments,26
va,26
motivation,26
type timepay,26
posted,26
ownership,26
wow skills,26
natural,26
founding,26
close,26
minded,26
workflow,26
challenges,26
alliance,26
helps,26
action,26
generated,26
conduct,26
http,26
pressure,26
initiative,26
school diploma,26
microsoft office,26
major,26
successfully,25
ranked,25
number,25
items,25
nonprofit,25
power,25
valid driver,25
testing,25
description turning,25
security,25
exciting,25
multiple tasks,25
wellness,25
leader,25
mission build,25
verbal communication,25
policy,25
appointments,25
expert,25
leading provider,25
class,25
carry,25
list,25
relocate,25
tours,25
food,25
technologies,25
document,25
work location,25
beautiful,25
progress,25
free market,25
takes,25
consistently,25
electronic,24
prepare,24
engineer,24
selling,24
pre,24
owners,24
send resume,24
having,24
allows,24
seeking highly,24
answer,24
opportunity employer,24
applicable,24
transportation,24
improve,24
improvement,24
salaried,24
innovation,24
instructions,24
note wages,24
center,24
resume cover,24
capable,24
movement,24
auto generated,24
looking highly,24
wages posted,24
verbal written,24
believes,24
guests,24
revenue,24
generated accurate,24
pass,24
specialist,24
defending,24
sites auto,24
project management,24
freedom free,24
generation,24
pm,24
posted party,24
desired,24
great place,24
parts,24
party sites,24
administrator,24
platform,23
monitoring,23
relationship,23
living,23
portfolio,23
standard,23
spirit,23
life insurance,23
repair,23
solution,23
rapidly,23
retirement,23
groups,23
founded christian,23
investing people,23
run,23
overtime,23
health insurance,23
outreach,23
strategies,23
organization dedicated,23
human,23
fundraising,23
save,23
situations,23
primarily,23
infrastructure,23
paid holidays,23
inquiries,23
prior,23
professionally,23
highest,23
feel,23
benefits package,23
cross,23
technicians,23
working closely,23
washington state,23
work team,23
administration,23
attorney,23
complex,23
customer satisfaction,23
completed,23
values passionate,23
supervisor,23
alliance defending,23
alongside,23
ambition,23
assessment,23
california,23
company culture,23
amendment,23
company provides,23
analysis,23
telling,23
crm,23
willingness,23
defending freedom,23
dedication,23
coordinator,22
direction,22
sell,22
2012,22
weekends,22
visit,22
submit resume,22
communicating,22
owner,22
companies america,22
self starter,22
depending experience,22
custom,22
components,22
advocacy,22
processes culture,22
energetic,22
currently seeking,22
immediate,22
tax,22
cold,22
ranked magazine,22
instagram,22
organization founded,22
offices,22
utilize,22
offering,22
facility tours,22
youtube maddoxtransformerlearn,22
occasional,22
work check,22
required work,22
organization mission,22
free workplace,22
america maddox,22
south carolina,22
bonus benefits,22
http maddoxtransformer,22
principles freedom,22
tours youtube,22
primary locations,22
licensed,22
implementation,22
short term,22
passionate investing,22
mid,22
demonstrated,22
maddox,22
mission identify,22
maddox founded,22
maddoxtransformerlearn http,22
timely manner,22
maddoxtransformer,22
maddoxtransformer maddox,22
given,22
vehicle,22
abuse,22
maddoxtransformerlearn,22
students promote,22
don,22
sales marketing,22
meeting,22
check facility,22
501 non,22
kirk,22
magazine fastest,22
importance,22
treat,22
culture great,22
fiscal,22
people processes,22
consultants,22
student,22
pay starting,22
trade,22
substance,22
dependable,22
growing companies,22
willing invest,21
old,21
benefits include,21
nation leading,21
details,21
mental,21
conversations,21
commute,21
transformers,21
belief,21
equivalent,21
mail,21
highly motivated,21
moscow,21
excellent customer,21
believes young,21
minimal,21
balance,21
founded 2012,21
hours week,21
country presence,21
seek,21
commercial industrial,21
values founding,21
train organize,21
network high,21
ethic goal,21
founding turning,21
freedom looking,21
government turning,21
calling,21
character,21
team member,21
person enlightened,21
equal,21
activist network,21
kirk organization,21
embarked mission,21
embarked,21
active powerful,21
certain,21
united,21
sales team,21
changes,21
getting,21
promote principles,21
team role,21
powerful conservative,21
substance abuse,21
cultivate,21
grassroots activist,21
young person,21
presence campuses,21
2022,21
conservative grassroots,21
youth organization,21
florida,21
true free,21
growing youth,21
personalized,21
promoting,21
enlightened true,21
operational,21
options,21
healthy,21
organization america,21
campuses country,21
story,21
organizational skills,21
campuses turning,21
organize students,21
organized active,21
enthusiasm,21
age,21
collaborate,21
closing,21
market values,21
largest fastest,21
enlightened,21
usa embarked,21
usa believes,21
protection,21
samples,20
market primary,20
clinical,20
flexibility,20
try,20
homes,20
ve ranked,20
skills knowledge,20
scale,20
hospitality,20
ldquo,20
speaking,20
maddox nation,20
transformers commercial,20
representatives,20
insurancepaid,20
role responsible,20
skillsknowledge,20
interview,20
location location,20
troubleshooting,20
candidates right,20
industrial market,20
grammar,20
cleaning,20
nationwide,20
distribution,20
fully,20
rdquo,20
sure,20
rate,20
personnel,20
performed,20
sentences,20
strong work,20
stood,20
analyze,20
hand,20
texas idaho,20
agents,20
proud,20
enthusiastic,20
outstanding,20
searching,20
enhance,20
outlook,20
think thrive,20
provider electrical,20
talent,20
electrical transformers,20
benefits commensurate,20
60,20
money,20
giving,20
master,20
modern,20
communication skillsknowledge,20
executing,20
eligible,20
accredited,20
maximize,20
particular opportunity,19
currently looking,19
job summary,19
produce,19
education value,19
launch,19
aid,19
ii,19
45,19
write sentences,19
empower,19
accordance,19
responsible managing,19
thrive particular,19
fiscal responsibility,19
centers,19
tip,19
phone email,19
career candidates,19
working environment,19
final,19
consultant,19
uphold,19
cash,19
sentences telling,19
feedback,19
adhere,19
files,19
respond,19
user,19
orientedself,19
enterprise,19
simple,19
attitudestrong,19
coming,19
starter self,19
pro tip,19
lot applicants,19
background check,19
recruitment,19
experience working,19
scottsdale,19
experience sales,19
based experience,19
12,19
scottsdale az,19
million,19
communicator,19
vendors,19
commitment,19
best practices,19
state texas,19
help build,19
networks,19
nursing,19
respectful,19
humility,19
orientation,19
entire,19
pto,19
track record,19
stood think,19
running,19
erp,19
utilizing,19
proactively,19
select,19
facilitate,19
telling stood,19
early career,19
space,19
succeed,19
goal orientedself,18
shifts,18
teamwork,18
highly skilled,18
individual assist,18
flow,18
conducting,18
thinking,18
trends,18
functional,18
traits,18
similar,18
tracking,18
hourly,18
trained,18
secure,18
test,18
ceo,18
initial,18
month,18
read,18
weekend,18
associate,18
event,18
attitudestrong work,18
audience,18
recommendations,18
mindset,18
looking build,18
mental health,18
child,18
reimbursement,18
match,18
expect,18
target,18
board,18
assets,18
weeks,18
welcome,18
word excel,18
editing,18
2nd,18
401k plan,18
efficiency,18
abuse treatment,18
accountable,18
accuracy,18
act,18
activists,18
admission,18
participate,18
orientedself starter,18
entrepreneur,18
supplies,18
america job,18
budget,18
medium,18
stable,18
channels,18
cenikor,18
journal,18
team help,18
united states,18
carolina washington,18
responding,18
usa seeking,18
robust,18
licensure,18
facilitating,18
lifestyle,18
cultural,18
locations south,18
role report,18
buy,18
spaces,18
graphic,17
aggressive,17
prospective,17
proper,17
partnerships,17
conservative ideas,17
address,17
prioritize multiple,17
persistent,17
role requires,17
professionalism,17
writing samples,17
risk,17
places,17
2012 bycharlie,17
update,17
independent,17
timesalary,17
policies procedures,17
involvement conservative,17
prefer,17
align,17
looking forwe,17
amazing,17
listed additional,17
low,17
remote position,17
conservative youth,17
book,17
bycharlie,17
bycharlie kirk,17
matter,17
sector,17
ca,17
behaviors,17
color,17
redballoon,17
campus,17
savvy,17
ms,17
let,17
cold calling,17
leave,17
nonprofit organization,17
lansdowne va,17
operation,17
lansdowne,17
american values,17
looking hire,17
self motivation,17
known,17
responsible working,17
duties listed,17
enthusiasm dynamic,17
exempt,17
forwe,17
starting package,17
ged,17
crew,17
continuous,17
start date,17
doe,17
designed,17
finish,17
fulfill duties,17
skills needed,17
generally,17
defined,17
desk,17
talk,17
solid,17
duties include,17
farm,17
engage,17
nature desire,16
recognized,16
purchase,16
annually,16
resolve,16
association,16
hard work,16
associated,16
opening,16
customers build,16
hardworking,16
appropriate professional,16
idea,16
desire try,16
compensation benefits,16
establishing,16
notes drug,16
motivated individual,16
flourish,16
solve problems,16
months,16
specific,16
body,16
makes,16
manage team,16
management team,16
managers,16
build career,16
videos,16
holding,16
build organized,16
exemptlocation,16
mechanical,16
busy,16
facebook,16
core principles,16
regularly,16
regional,16
membership,16
metrics,16
ministry,16
sound,16
teaching,16
recruit,16
warrior,16
avoid,16
warehouse,16
fantastic,16
lbs,16
employees required,16
work required,16
tip lot,16
periods,16
unlimited,16
right candidate,16
right fit,16
personality,16
chapters,16
typical,16
physicians,16
actions,16
grassroots nonprofit,16
skillsability,16
roles,16
tx,16
efficiently,16
post,16
501 grassroots,16
effectively team,16
twitter,16
try new,16
improving,16
salaried exemptlocation,16
previous experience,16
trust,16
proactive,16
considered position,16
adapt,16
generous,16
paid vacation,16
generate,16
engineers,16
alcohol,16
proven experience,16
property,16
join scottsdale,16
landscape,16
smart,16
reviews,16
honesty,16
adobe,16
work home,16
administer,16
canada,15
danger,15
reputation,15
largest substance,15
chemical,15
insurance 401k,15
born right,15
builder,15
danger save,15
responsible americans,15
fl,15
care clients,15
citizens,15
uphold core,15
civil rights,15
representing,15
11,15
caring,15
repairs,15
database,15
team helping,15
llc private,15
facilities,15
respectful communication,15
film,15
involve,15
family owned,15
requirements position,15
cenikor culture,15
uscca,15
updates,15
teach,15
laws,15
uscca helps,15
little,15
calendar,15
interpersonal skills,15
lives families,15
routine,15
car,15
centers nation,15
families safe,15
thrives,15
spirit persistent,15
advantage,15
personally,15
persistent innovation,15
perseverance achieve,15
perseverance,15
activity,15
additionally,15
advance,15
advertising,15
phoenix,15
particularly,15
proof,15
strong belief,15
summer,15
oversight,15
provides marketing,15
providing care,15
emergency,15
activism,15
experience pro,15
35,15
principles cenikor,15
subject,15
style,15
drivers,15
preparing,15
preparation,15
2nd amendment,15
yearbenefits,15
professional behaviors,15
effectively manage,15
year required,15
possesses,15
effort,15
position submit,15
ability consistently,15
population,15
americans avoid,15
qualifications position,15
opportunity advancement,15
media platforms,15
base salary,15
delta defense,15
standing,15
mention,15
excited,15
delta,15
behaviors appropriate,15
defense llc,15
operations customer,15
belief 2nd,15
visits,15
marketing operations,15
expectations,15
dedicated work,15
billing,15
born,15
excellent service,15
model appropriate,15
warrior spirit,15
avoid danger,15
determine,15
appropriate client,15
nursing care,15
support natural,15
north,15
assembly,15
assessments,15
supportive,15
assigned consistent,15
assist nation,15
natural born,15
nation largest,15
motivation perseverance,15
motivatedpunctual,15
automotive,15
mission service,15
private company,15
foster,15
treatment centers,15
hear,15
consistently uphold,15
sharing,15
self defense,15
self motivatedpunctual,15
helping set,15
save lives,15
core values,15
schedules,15
contracts,15
senior counsel,15
honest,15
computer skills,15
helps responsible,15
implementing,15
identifying,15
conferences,15
treatments,15
commissions,15
humility warrior,15
sick,15
creation,15
troubleshoot,15
grassroots humility,15
communication staff,15
iii,14
frequently,14
decades,14
mission driven,14
401k matching,14
75,14
reliably,14
deadlines prioritize,14
largest innovative,14
obtaining,14
embodying,14
producing,14
phone calls,14
latest,14
clientspositive respectful,14
establish,14
federal state,14
responsiveethical,14
form,14
positive working,14
65,14
job responsibilities,14
race,14
smoke,14
job title,14
decisions,14
wide range,14
allowance,14
dignity,14
posting,14
nurse,14
responsiveethical responsible,14
boundarieswork,14
position title,14
honor,14
health wellness,14
business journal,14
multi task,14
achieve goalsrole,14
dollar,14
local communities,14
familiarity,14
eye,14
required experience,14
web based,14
coverage,14
dependency,14
documentation skills,14
collaboratively,14
protecting,14
according,14
va office,14
solving skills,14
nation currently,14
ages,14
health services,14
needed meet,14
lots,14
comprehensive benefits,14
identity,14
sized,14
boundarieswork effectively,14
night,14
phones,14
cloud,14
asset,14
specializing,14
aggressive deadlines,14
hourbenefits,14
motivatedpunctual responsiveethical,14
look forward,14
ways,14
guide,14
idaho ve,14
speak,14
wealth,14
iv,14
reading,14
manage multiple,14
credit,14
clientsdemonstrate,14
insurance benefits,14
military,14
programming,14
integrated,14
educating,14
apply today,14
marketplace,14
truly,14
clientsdemonstrate self,14
room,14
purpose,14
refer,14
performs,14
charts,14
prescribed,14
organization largest,14
second,14
chemical dependency,14
priorities,14
challenging environment,14
promising,14
work hard,14
adf,14
men,14
related field,14
quality control,14
encourage,14
good management,14
inside,14
exempt functions,14
inspections,14
math,14
fit role,14
regard,14
perform additional,14
concerns,14
president,14
staff clientsdemonstrate,14
medication,14
medications,14
clientspositive,14
manager responsible,14
27,14
client boundarieswork,14
preferredexperience,14
meet aggressive,14
dynamic work,14
patience,14
environmental,14
strictly,14
based compensation,14
shows,14
worked,14
computer software,14
goalsrole,14
workers,14
goalsrole model,14
disorders,14
free drug,14
demonstrate mission,14
skillsknowledge google,14
floor,14
best place,14
service clientspositive,14
past,14
drop,14
24,14
workplace experience,13
starting work,13
agent,13
defined job,13
project manager,13
transactions,13
combination,13
moving,13
disability life,13
extremely,13
protect,13
professional motivated,13
traits grassroots,13
workplaceequal,13
free workplaceequal,13
behaviorinnovative,13
value skills,13
patience perseverance,13
work life,13
planning relocate,13
behaviorinnovative nature,13
professional manner,13
medical care,13
relates,13
employer values,13
successful completion,13
basics,13
recovery,13
relocate starting,13
excellent oral,13
service skills,13
strong character,13
maintains,13
excellent work,13
display,13
stable lifestyle,13
make best,13
attitude ambition,13
counties,13
ending,13
reliably commute,13
coordination,13
costs,13
veteran,13
base pay,13
commute planning,13
vision disability,13
seeking experienced,13
deadline,13
server,13
contractor,13
exposure,13
guidance,13
come join,13
services help,13
senior leadership,13
consulting firm,13
work fast,13
experience plus,13
benefits apply,13
paperwork,13
benefits compensation,13
remote work,13
commute relocate,13
honesty integrity,13
stakeholders,13
storage,13
billion,13
determined,13
listing,13
smoke free,13
clinic,13
install,13
small business,13
inspire,13
possesses good,13
kind,13
field operations,13
organizations country,13
work environmentunrelenting,13
enjoy working,13
graphic design,13
alcohol substance,13
responsible providing,13
positive attitudestrong,13
ins,13
features,13
health chemical,13
position years,13
producer,13
responsible behaviorinnovative,13
case,13
innovative political,13
digital marketing,13
workplaceequal opportunity,13
tool,13
right attitude,13
onboarding,13
strict,13
interact,13
character stable,13
hardware,13
finding,13
role looking,13
invest training,13
ambition pay,13
investment,13
present involvement,13
entrepreneurial experience,13
competitive salary,13
finally,13
chance,13
401 401,13
yearbenefits 401,13
following experience,13
windows,13
equal opportunity,13
submit following,13
software systems,13
formal,13
position skills,13
nationally,13
position compensation,13
salary range,13
diploma ged,13
engages,13
share passion,13
functions defined,13
develop maintain,13
individuals alcohol,13
environmentunrelenting positive,13
environmentunrelenting,13
dependency treatment,13
priority,13
developer,13
abuse mental,13
political field,13
collaboration,13
users,13
lifestyle dedicated,13
duties assignedpassion,13
increases,13
account executive,13
hubspot,13
requiredexperience,13
sources,13
television,13
team ensure,13
assignedpassion,13
provide best,13
health disorders,13
happy,13
primary focus,13
turn,13
fix,13
guidelines,13
position overview,13
improvements,13
care individuals,13
type timesalary,13
skilled professional,13
position looking,13
opportunity job,13
ideal role,13
description qualifications,13
beach,12
appearance,12
promising early,12
high emphasis,12
refer questionable,12
completing,12
generally pm,12
entry level,12
quality products,12
administrative tasks,12
exceptional customer,12
women,12
mention heard,12
develop strong,12
message,12
applicant,12
questionable,12
apply considered,12
store,12
mobile,12
growing team,12
providing medical,12
non exempt,12
assessment communication,12
excellent communication,12
controls,12
excellent assessment,12
select number,12
advisor,12
demonstrates,12
austin,12
guided,12
proven entrepreneurial,12
assignedpassion conservative,12
statement,12
voice,12
websites,12
heard,12
nationwide remote,12
protected,12
association uscca,12
hearing,12
real estate,12
multiple projects,12
attend,12
recording,12
excellent documentation,12
health care,12
especially,12
strict confidentiality,12
supervisory,12
wage,12
offparental,12
equity,12
showcasing legal,12
approved,12
showcasing,12
erp software,12
offered,12
approximately,12
english,12
text,12
provides competitive,12
outgoing,12
armed,12
participating,12
number promising,12
compensation certain,12
guest,12
moment,12
excellent finance,12
behalf,12
skills driven,12
products services,12
respected,12
ability manage,12
writing skills,12
ideally,12
learner,12
forms,12
care diverse,12
leadership team,12
responsibility free,12
carpentry,12
carry association,12
fast growing,12
positive attitude,12
ii resume,12
updating,12
resume iii,12
legal writing,12
successeducation,12
retail,12
team builder,12
builder excellent,12
values high,12
places high,12
business opportunity,12
schools,12
foundation matters,12
literacy,12
cpr,12
sheets,12
license reliable,12
used,12
id,12
collaborating,12
letter ii,12
able effectively,12
iii writing,12
small medium,12
connect,12
saturday,12
satisfaction able,12
presentation,12
consider,12
safeguards,12
youth organizations,12
earning,12
twitter instagram,12
consideration,12
sales experience,12
flexible schedule,12
individuals substance,12
130,12
samples showcasing,12
client base,12
crews,12
insurancepaid offparental,12
driven places,12
serving clients,12
prescribed medications,12
culture demonstrate,12
create positive,12
central,12
goals objectives,12
set successeducation,12
filing,12
job redballoon,12
foot,12
right individual,12
right person,12
finance skills,12
following traits,12
google suite,12
international,12
internal external,12
build strong,12
decision making,12
pharmacology relates,12
performance based,12
matters refer,12
grow businesses,12
glimstad,12
concealed carry,12
experience know,12
pharmacology,12
sirillp,12
student activists,12
relates individuals,12
maintain strict,12
matching health,12
embrace,12
bless,12
working knowledge,12
religion,12
make sure,12
vi,12
emphasis customer,12
term disability,12
tasks patience,12
sirillp cover,12
generation leaders,12
virtual,12
benefitssalary,12
relationships clients,12
marketing driven,12
luxury,12
marketing campaigns,12
concealed,12
copy,12
days week,12
medium sized,12
host,12
payment,12
tight,12
environment children,11
government presence,11
130 depending,11
preferably,11
education training,11
pay 180,11
discretionary,11
earnings,11
empower student,11
principlespositive,11
substantial,11
end users,11
computers,11
qualifications excellent,11
conservative politicsflexibility,11
alternative,11
considering,11
studio,11
premier,11
struggle,11
discoveries,11
servers,11
ambitious,11
developing new,11
20 years,11
additional performance,11
purchasing,11
19,11
discretionary bonuses,11
discretionary bonus,11
payroll,11
presence college,11
educating students,11
180 year,11
180,11
growing fast,11
struggle role,11
driving record,11
encouraged,11
prepared,11
pipeline,11
promotions,11
5000,11
paid paternity,11
paternity maternity,11
services professional,11
poor slow,11
poor,11
politicsflexibility enthusiasm,11
politicsflexibility,11
writing emails,11
physical requirements,11
students importance,11
physician,11
accomplish,11
docs,11
year starting,11
division,11
accounting team,11
electronic health,11
eliminating,11
tn,11
email resume,11
plan vi,11
email conversations,11
achieving,11
professional nursing,11
prospects,11
owning,11
energized,11
emails struggle,11
supervising,11
activists stand,11
providers,11
effectiveness,11
perseverance resilience,11
grammar poor,11
personal professional,11
ground,11
positions iii,11
position summary,11
provide health,11
work experience,11
constantly,11
emerging,11
position responsible,11
90 days,11
connections,11
parents,11
airtable,11
air,11
working alongside,11
position levels,11
philosophy,11
phoenix az,11
paternity,11
help students,11
completely,11
campuses states,11
day grammar,11
exposures,11
vary,11
franchise,11
extension,11
location mention,11
country primary,11
required valid,11
face,11
litigation advocacy,11
southern,11
lines,11
researching,11
representing organization,11
collaborative approach,11
candidate responsible,11
resilience,11
license required,11
resilience challenging,11
resolution,11
hvac,11
resource,11
levels open,11
uscca uscca,11
length,11
team experienced,11
looking motivated,11
comes,11
meaningful,11
vi benefits,11
siri glimstad,11
maternity leave,11
maternity,11
material,11
benefit,11
stand values,11
territories,11
benefits smoke,11
holiday,11
manager join,11
vice,11
tier,11
managed,11
experiences,11
dedicated educating,11
bonus discretionary,11
bonuses iv,11
environments,11
experience high,11
main,11
experience ii,11
machine,11
repairing,11
branded,11
vehicles,11
bringing,11
left,11
leaveschedule,11
leave 401k,11
safe environment,11
slow,11
chapter,11
importance fiscal,11
ultimately,11
credentials,11
internet,11
skills strong,11
charge,11
importing,11
skills required,11
integration,11
integral,11
chief,11
learn new,11
installation,11
fit team,11
innovation minimum,11
children health,11
truth,11
include base,11
crucial,11
industries,11
civil litigation,11
independently team,11
focus identify,11
salesforce,11
involves,11
slow writing,11
issues supervisor,11
iv medical,11
ideas principlespositive,11
fantastic written,11
career growth,11
code,11
formal education,11
closely nursing,11
farm llc,11
largest youth,11
ii additional,11
customer experience,11
caseload,11
cases,11
team looking,11
fellow,11
iii non,11
july,11
returns,11
unprecedented,11
centered,11
rewards,11
century,11
file,11
certain attorney,11
job duties,11
filled,11
stand write,11
maintain email,11
means,11
attorney positions,11
states turning,11
health record,11
assigned territory,11
tackling,11
assignments,11
need maintain,11
evaluate,11
related experience,11
heard job,11
named,11
starting 130,11
non discretionary,11
tailored,11
function,11
heavy equipment,11
authorization,11
help business,11
seeks,11
seeking talented,11
award,11
conversations day,11
walk,11
estates,11
compelling,11
traditional,11
open attorney,11
happen,11
annual bonus,11
qualities,11
opportunity work,11
gain,11
wish,11
answering,11
quarterly,11
question,11
applicants stand,11
onsite,11
ask,11
willing work,11
questionable issues,11
offparental leaveschedule,11
officer,11
quickbooks,11
essential functions,11
wellness benefits,11
nurture,11
nursing experience,11
welding,11
excellent organizational,11
management software,11
exchange,11
media presence,11
bastion,11
train empower,11
register,11
regulatory,11
taking care,11
communication need,11
middle,11
mid senior,11
siri,11
hipaa,11
medicine,11
messages,11
hipaa regulations,11
procedure,10
willing relocate,10
stewards,10
rock,10
providing high,10
uncapped,10
team position,10
started,10
quotes,10
registered,10
service uscca,10
years related,10
scientists,10
race color,10
work day,10
students register,10
unless,10
sexual,10
register vote,10
scale establishing,10
strictly hipaa,10
profits,10
strength,10
supplemental,10
scientists physicians,10
safer,10
programs resources,10
sales representative,10
related data,10
skills excellent,10
sales goals,10
salary benefits,10
treatments accordance,10
quality assurance,10
youth organizationsexperience,10
talents,10
safer environment,10
topics,10
share discoveries,10
ron,10
safeguards make,10
public nurture,10
safeguards guided,10
problem solve,10
staffing,10
stewards working,10
sexual orientation,10
skills facilitating,10
regulations regards,10
sign,10
work work,10
rules,10
volunteer,10
ranges,10
science tackling,10
vote develop,10
remotely,10
single,10
vendor,10
prospective members,10
recommend,10
takes initiative,10
referrals,10
using effective,10
solving generation,10
usually,10
requiredimportant,10
references,10
teacher,10
skill formal,10
traffic,10
promoting events,10
trucks,10
training program,10
working specifically,10
promotional,10
valuable,10
value passion,10
working nationally,10
recruit new,10
recruitment related,10
student groups,10
taxes,10
scheduled,10
specifically turning,10
weekly monthly,10
resources cultivate,10
territory field,10
verifying,10
unprecedented scale,10
schedule monday,10
science literacy,10
ranging,10
private sector,10
provide excellent,10
rapidly growing,10
responsible importing,10
year preferred,10
tests,10
region,10
shipping,10
responsible accountable,10
regards client,10
sector partners,10
reaching,10
regards,10
supervise,10
tackling big,10
state local,10
strong activist,10
size,10
speech,10
startup,10
usa student,10
protecting child,10
zoom,10
private companies,10
growing private,10
exposures public,10
privacy,10
facility staff,10
factory,10
family members,10
fed,10
field representative,10
field representatives,10
field social,10
focusing,10
foundation collaborative,10
funds,10
gender,10
gender identity,10
giving oral,10
glimstad llp,10
goal help,10
google apps,10
governments,10
governments private,10
governor,10
graphics,10
groups student,10
exposures holding,10
exploring,10
experienced providing,10
epidemic,10
docs sheets,10
donor,10
dynamic team,10
education credentials,10
efforts student,10
eliminating harmful,10
emergency situations,10
ending epidemic,10
engages local,10
environmental exposures,10
epidemic children,10
experience conservative,10
established chapters,10
establishing safeguards,10
evenings,10
events conferences,10
exceed,10
excellent communicator,10
execution,10
executives,10
exemptlocation phoenix,10
expansion,10
growing company,10
guided science,10
make safer,10
gun,10
internationally,10
internationally collaborative,10
irvine,10
joe,10
junior,10
knowledge abilities,10
knowledge pharmacology,10
late,10
launch new,10
law firm,10
leaders scientists,10
leadership communities,10
liability,10
liberty,10
literacy build,10
llc value,10
llp,10
llp seeking,10
long periods,10
looking particularly,10
lots support,10
love working,10
maintain established,10
interaction,10
insurance applicable,10
instructors,10
holding big,10
harmful,10
harmful environmental,10
headquarters,10
health conditions,10
health defense,10
health ending,10
heart,10
helping people,10
history information,10
hold,10
holding responsible,10
inside sales,10
holistic,10
human resources,10
image,10
importing organizing,10
impression,10
increasing,10
industry accountable,10
information clients,10
informative,10
initiatives recruit,10
disorders experienced,10
discoveries harmful,10
diligent,10
develops,10
apps,10
aren,10
art,10
associates,10
assurance,10
atmosphere,10
attorney mid,10
attorney years,10
az lansdowne,10
b2b,10
based software,10
begin,10
beginning,10
best fit,10
best possible,10
big industry,10
big pharma,10
build foundation,10
build team,10
campus activism,10
campuses job,10
candidate experience,10
canvassers,10
approach engages,10
applying,10
advocacy organization,10
accurate records,10
200,10
23,10
3rd,10
400,10
401 matchinghealth,10
80,10
able maintain,10
accountable establishing,10
accountable unprecedented,10
accountant,10
accurately,10
administer cpr,10
achieve goals,10
activism initiatives,10
activism plans,10
activist networks,10
activists giving,10
activists help,10
activists launch,10
activists social,10
adding,10
adhere strictly,10
cenikor foundation,10
chapters maintain,10
chapters organize,10
cross functional,10
conjunction,10
consistent non,10
contact information,10
contacts,10
continuing,10
correct,10
counsel partnerlocation,10
cpa,10
cpr emergency,10
credentials position,10
cultivate science,10
conferences field,10
culture leadership,10
curated,10
daily campus,10
dallas,10
data conducting,10
dedicated protecting,10
dedication skill,10
defense chd,10
demands,10
department overview,10
conferences promoting,10
conducting outreach,10
chd,10
client service,10
chd litigation,10
child health,10
children chronic,10
children share,10
christmas,10
chronic,10
chronic health,10
citizens stewards,10
client care,10
client confidentiality,10
clients family,10
conditions eliminating,10
coaching,10
collaborative problem,10
collecting,10
commerce,10
common,10
communicates,10
communities governments,10
communities programs,10
complaints,10
completes,10
make great,10
fabrication,10
methods,10
paralegal,10
partners department,10
partnerlocation nationwide,10
posts,10
members activists,10
pounds,10
partnerlocation,10
organize daily,10
meet needs,10
medications treatments,10
perspective,10
practical,10
period,10
premium,10
placement,10
organizing recruitment,10
medical history,10
media representing,10
origin,10
partnership,10
moscow id,10
nurture culture,10
monitor compliance,10
population excellent,10
openings,10
met,10
oral presentations,10
organization efforts,10
minimum year,10
organization events,10
mode,10
pay competitive,10
position primarily,10
modern software,10
men women,10
organizationsexperience,10
passionate working,10
points,10
organizationsexperience starting,10
passion dedication,10
personalized service,10
particularly proven,10
networks assigned,10
pride offering,10
outreach prospective,10
new activism,10
matchinghealth insurancepaid,10
nationally internationally,10
pharma,10
outs,10
net,10
prior experience,10
matchinghealth,10
pharma holding,10
physicians citizens,10
national origin,10
new activists,10
pa,10
new chapters,10
presentations representing,10
values hospitality,9
global,9
extension family,9
experience proven,9
spreadsheets,9
business development,9
experience required,9
observe,9
built impressive,9
obtaining medical,9
exploring opportunities,9
specifications,9
experienced dependable,9
offering personalized,9
skills abilities,9
walking,9
google docs,9
opportunity learn,9
stay moment,9
estates beautiful,9
estimate,9
campaign technology,9
evaluation,9
evening,9
cabinet,9
excel word,9
opportunities clients,9
excellent verbal,9
start finish,9
excellent written,9
excels,9
sex,9
exciting opportunity,9
nearly,9
ohio,9
expense,9
staff provide,9
staff facilitate,9
professionals need,9
experience customer,9
need lots,9
facilitating civic,9
getaways 27,9
getaways,9
field experience,9
volume,9
night shift,9
nice,9
person phone,9
franchise ownership,9
visits luxury,9
film television,9
finally believe,9
bend,9
veteran status,9
foundation christian,9
fortune,9
biden energized,9
biden,9
biblical,9
skills position,9
firms,9
fit company,9
florida bastion,9
foot soldier,9
beautiful areas,9
feet,9
fed joe,9
vs,9
nutrition,9
building relationships,9
building maintaining,9
skills able,9
sounds,9
generating,9
factors,9
banking,9
performance indicators,9
solver,9
book stay,9
family important,9
budgets,9
soldier movement,9
soldier,9
fun fast,9
bastion freedom,9
farm built,9
candidate work,9
freedom canvass,9
peak,9
manufacturing equipment,9
canvass,9
stop,9
colleagues,9
packages,9
transition,9
crews pride,9
technical support,9
critical thinking,9
transportation proof,9
